artist_name,is_explicit,danceability,valence,energy,loudness,acousticness,liveness,speechiness,key,tempo,mode,duration_ms,time_signature
1,TRUE,0.554,0.136,0.535,-8.959,0.0616,0.124,0.186,5,105.865,0,208014,4
1,TRUE,0.556,0.367,0.63,-8.15,0.000828,0.155,0.102,7,149.147,1,210372,5
1,TRUE,0.545,0.464,0.641,-6.398,0.00453,0.171,0.0998,10,121.892,0,215460,4
1,TRUE,0.78,0.642,0.689,-5.668,0.0368,0.0698,0.141,7,115.042,1,225389,4
2,FALSE,0.903,0.587,0.519,-9.151,0.281,0.155,0.26,1,114.991,1,116727,4
1,FALSE,0.693,0.864,0.887,-5.039,0.0581,0.27,0.0795,1,114.942,0,278282,4
1,TRUE,0.792,0.22,0.919,-5.688,0.0381,0.368,0.276,2,92.028,1,224473,4
1,FALSE,0.618,0.305,0.712,-8.246,0.14,0.575,0.114,1,97.057,1,254319,4
1,TRUE,0.683,0.598,0.85,-5.042,0.0781,0.741,0.0699,11,107.988,0,368758,4
2,FALSE,0.876,0.809,0.628,-6.595,0.0165,0.0938,0.0935,1,118.028,1,203383,4
1,TRUE,0.785,0.496,0.732,-5.724,0.0636,0.265,0.164,1,110.952,1,260771,4
1,TRUE,0.823,0.537,0.536,-10.123,0.0616,0.326,0.319,5,128.955,0,244792,4
1,TRUE,0.744,0.0805,0.577,-7.228,0.0672,0.178,0.0631,9,135.869,1,169820,4
1,TRUE,0.789,0.108,0.614,-6.491,0.00348,0.283,0.0579,1,126.035,1,198898,4
1,TRUE,0.857,0.453,0.558,-7.888,0.0122,0.288,0.134,1,123.973,1,288255,4
1,TRUE,0.674,0.208,0.625,-9.593,0.0843,0.11,0.0514,1,120.004,1,273998,4
1,FALSE,0.509,0.181,0.36,-8.2,0.633,0.13,0.0361,5,129.624,0,226361,4
1,FALSE,0.783,0.623,0.693,-6.747,0.197,0.0768,0.174,4,119.063,0,162438,4
2,FALSE,0.554,0.348,0.45,-9.454,0.731,0.339,0.182,8,87.047,0,107463,4
2,FALSE,0.611,0.718,0.723,-6.199,0.12,0.322,0.369,7,105.758,1,272464,4
2,FALSE,0.671,0.543,0.755,-5.831,0.0876,0.429,0.0683,2,67.332,0,223422,3
1,FALSE,0.33,0.4,0.244,-9.508,0.94,0.0969,0.0339,3,136.344,1,220232,4
1,FALSE,0.447,0.0497,0.436,-8.119,0.00971,0.0986,0.0389,10,80.856,1,277071,4
1,TRUE,0.807,0.0541,0.544,-5.875,0.00333,0.146,0.0409,1,120.006,1,316750,4
2,FALSE,0.777,0.195,0.588,-9.759,0.0227,0.267,0.0756,7,119.109,1,216339,4
1,TRUE,0.824,0.0611,0.555,-5.817,0.00337,0.217,0.05,1,120.002,1,281273,4
1,FALSE,0.484,0.201,0.363,-8.094,0.645,0.125,0.0368,5,127.822,0,226479,4
1,FALSE,0.672,0.642,0.696,-6.693,0.2,0.0736,0.177,4,118.742,0,162354,4
2,FALSE,0.484,0.342,0.457,-9.458,0.738,0.536,0.204,8,83.493,0,107205,4
2,FALSE,0.608,0.709,0.709,-6.175,0.119,0.337,0.374,7,105.742,1,272069,4
2,FALSE,0.647,0.548,0.732,-5.846,0.0846,0.597,0.0891,2,67.295,1,222529,3
1,FALSE,0.258,0.369,0.248,-9.507,0.944,0.0967,0.0343,3,80.187,1,219992,5
1,FALSE,0.238,0.0447,0.435,-8.096,0.00956,0.0981,0.0497,5,78.797,1,277030,4
1,FALSE,0.6,0.123,0.831,-12.294,0.143,0.7,0.378,7,170.133,1,196474,4
1,TRUE,0.401,0.402,0.769,-8.316,0.000263,0.327,0.158,2,99.252,1,167348,4
1,FALSE,0.486,0.403,0.813,-7.528,0.00174,0.406,0.114,2,85.161,1,114370,4
1,FALSE,0.201,0.0795,0.409,-13.089,0.124,0.683,0.0393,2,85.35,1,129117,3
1,TRUE,0.676,0.419,0.871,-9.134,0.0237,0.956,0.433,5,121.963,0,262832,4
1,TRUE,0.535,0.547,0.338,-27.432,0.994,0.891,0.883,6,67.709,1,59056,5
1,TRUE,0.418,0.193,0.728,-11.479,0.00981,0.966,0.486,7,129.252,1,393524,4
1,FALSE,0.456,0.488,0.551,-15.779,0.257,0.73,0.465,5,123.714,1,42306,4
1,TRUE,0.395,0.377,0.866,-7.544,0.0332,0.432,0.128,1,141.577,1,87887,4
1,TRUE,0.555,0.14,0.676,-11.151,0.018,0.721,0.0763,1,95.174,1,160089,4
1,TRUE,0.325,0.571,0.836,-8.933,0.0197,0.33,0.283,5,141.306,0,254004,4
1,TRUE,0.576,0.486,0.845,-7.406,0.0276,0.387,0.162,9,145.918,1,165873,4
1,TRUE,0.58,0.444,0.764,-9.321,0.079,0.776,0.221,8,137.068,1,238294,4
1,TRUE,0.599,0.537,0.692,-9.48,0.0298,0.69,0.224,9,129.816,1,82934,4
1,TRUE,0.587,0.383,0.732,-9.208,0.0158,0.969,0.18,9,136.084,0,184295,4
1,FALSE,0.726,0.436,0.255,-18.138,0.129,0.0747,0.653,11,90.056,1,117936,4
1,FALSE,0.581,0.384,0.618,-11.11,0.0138,0.428,0.339,4,149.832,0,228208,4
1,TRUE,0.384,0.111,0.81,-8.709,0.000959,0.537,0.124,4,137.696,0,256813,4
1,FALSE,0.443,0.184,0.821,-6.96,0.0143,0.721,0.145,4,88.726,0,248538,4
1,TRUE,0.452,0.104,0.487,-11.767,0.0101,0.698,0.0462,0,123.44,1,138526,5
1,FALSE,0.685,0.436,0.628,-12.981,0.0649,0.31,0.325,9,88.007,0,68352,4
2,FALSE,0.667,0.637,0.741,-10.832,0.00232,0.426,0.0547,7,104.841,1,176718,4
1,FALSE,0.702,0.694,0.817,-8.644,0.00646,0.467,0.102,1,100.003,1,92162,4
1,FALSE,0.496,0.554,0.485,-9.339,0.000688,0.648,0.0299,10,80.108,0,71916,4
1,FALSE,0.519,0.922,0.636,-11.539,0.149,0.672,0.504,0,81.167,1,46475,3
1,FALSE,0.57,0.444,0.805,-9.217,0.00413,0.557,0.293,0,167.333,1,103235,4
1,FALSE,0.519,0.693,0.884,-8.077,0.00294,0.943,0.369,7,167.346,1,76214,4
3,FALSE,0.772,0.154,0.684,-8.742,0.00534,0.7,0.14,6,105.975,1,289790,4
1,FALSE,0.555,0.237,0.84,-11.977,0.0335,0.373,0.302,1,134.519,1,190104,4
1,TRUE,0.663,0.49,0.891,-8.774,0.00269,0.778,0.18,5,126.548,0,233376,4
2,FALSE,0.721,0.416,0.892,-8.606,0.0351,0.575,0.206,8,118.982,1,90816,4
2,FALSE,0.491,0.303,0.666,-7.338,0.028,0.503,0.111,5,138.672,0,111769,4
2,FALSE,0.472,0.475,0.821,-8.333,0.013,0.846,0.55,8,155.176,1,131185,4
1,FALSE,0.822,0.396,0.935,-7.741,0.011,0.379,0.345,11,97.018,0,263009,4
1,FALSE,0.639,0.572,0.93,-6.626,0.00563,0.956,0.171,6,96.94,0,207209,4
2,FALSE,0.564,0.433,0.424,-20.285,0.963,0.697,0.94,1,97.708,1,102412,5
1,FALSE,0.318,0.184,0.855,-8.415,0.0515,0.897,0.628,7,175.555,1,227216,4
1,FALSE,0.626,0.475,0.928,-9.326,0.00282,0.941,0.124,2,104.912,0,159116,4
1,TRUE,0.71,0.435,0.842,-5.424,0.0686,0.337,0.0944,6,102.994,0,240777,4
1,TRUE,0.656,0.196,0.741,-6.413,0.0134,0.269,0.0555,5,95.326,0,144661,4
1,FALSE,0.25,0.0746,0.215,-13.676,0.632,0.401,0.037,8,174.824,0,195987,3
1,TRUE,0.524,0.552,0.397,-11.936,0.745,0.521,0.405,0,80.744,1,221093,4
2,TRUE,0.614,0.645,0.686,-6.483,0.0105,0.184,0.21,9,136.537,0,233667,4
1,TRUE,0.775,0.356,0.598,-7.274,0.00175,0.253,0.0535,2,129.988,1,232560,4
2,TRUE,0.516,0.324,0.637,-8.832,0.0433,0.11,0.0632,6,138.011,1,260440,4
1,FALSE,0.643,0.598,0.503,-8.37,0.273,0.349,0.216,7,90.886,1,287987,4
1,FALSE,0.455,0.216,0.535,-10.602,0.0209,0.126,0.0426,9,157.01,0,237440,4
1,TRUE,0.33,0.101,0.357,-10.171,0.866,0.19,0.0348,10,84.119,1,182720,3
2,FALSE,0.387,0.0498,0.133,-15.633,0.947,0.107,0.0474,7,124.397,0,79200,4
2,FALSE,0.437,0.406,0.803,-6.412,0.0376,0.683,0.305,2,84.378,1,289760,4
1,FALSE,0.574,0.626,0.573,-7.079,0.392,0.0933,0.085,11,136.304,1,322000,4
1,TRUE,0.896,0.818,0.621,-6.857,0.00532,0.196,0.237,5,121.966,0,206080,4
1,TRUE,0.546,0.421,0.26,-12.573,0.942,0.128,0.125,1,155.033,1,204400,4
1,FALSE,0.512,0.2,0.624,-6.761,0.00305,0.346,0.0509,11,129.932,1,257653,4
1,TRUE,0.313,0.311,0.533,-9.416,0.103,0.507,0.166,1,66.93,0,369040,4
3,TRUE,0.583,0.399,0.621,-6.902,0.00972,0.181,0.0479,5,140.036,0,323480,4
1,FALSE,0.875,0.776,0.434,-7.683,0.242,0.233,0.091,0,120.067,1,309720,4
1,FALSE,0.57,0.509,0.467,-9.152,0.0421,0.125,0.171,9,111.58,0,228693,1
1,TRUE,0.418,0.172,0.441,-11.522,0.029,0.306,0.283,11,175.928,0,319467,4
1,FALSE,0.452,0.227,0.54,-10.087,0.122,0.0882,0.229,8,133.774,1,184013,4
1,TRUE,0.495,0.563,0.403,-9.732,0.499,0.7,0.299,1,140.365,1,391907,3
2,TRUE,0.557,0.0996,0.428,-11.306,0.0673,0.144,0.136,5,103.009,1,378600,4
1,FALSE,0.47,0.216,0.793,-8.929,0.164,0.313,0.26,0,170.1,1,215947,4
2,TRUE,0.476,0.353,0.688,-7.799,0.0953,0.438,0.245,1,140.555,1,250960,4
2,FALSE,0.525,0.185,0.334,-11.54,0.641,0.114,0.0686,0,80.307,1,276560,3
1,FALSE,0.346,0.0388,0.188,-12.688,0.573,0.108,0.0327,6,103.265,0,230893,4
2,FALSE,0.499,0.0643,0.434,-10.14,0.541,0.119,0.0608,6,90.322,1,266920,4
1,FALSE,0.747,0.56,0.705,-5.137,0.0128,0.126,0.126,9,136.024,0,213507,4
2,TRUE,0.64,0.457,0.659,-7.273,0.241,0.484,0.215,8,136.804,1,234413,4
2,TRUE,0.508,0.476,0.763,-3.58,0.16,0.118,0.0516,8,139.653,1,395987,4
1,FALSE,0.732,0.709,0.763,-6.732,0.0273,0.33,0.0729,0,98.011,1,180187,4
2,FALSE,0.872,0.763,0.445,-7.631,0.272,0.345,0.0936,2,120.029,0,309747,4
2,FALSE,0.664,0.409,0.808,-6.477,0.0225,0.259,0.0726,0,98.044,1,273480,4
1,FALSE,0.652,0.651,0.749,-5.248,0.0848,0.604,0.0886,0,94.103,1,267413,4
2,FALSE,0.648,0.719,0.593,-6.267,0.0188,0.169,0.0509,10,160.984,1,245480,4
1,FALSE,0.799,0.551,0.715,-5.481,0.0289,0.339,0.0819,4,124.04,1,293133,4
1,FALSE,0.665,0.699,0.787,-5.73,0.31,0.219,0.151,5,167.351,1,212147,4
1,FALSE,0.718,0.836,0.523,-7.181,0.352,0.0909,0.198,6,167.963,1,179067,4
1,FALSE,0.621,0.484,0.781,-6.062,0.0321,0.173,0.0636,2,110.002,1,377467,4
1,FALSE,0.371,0.231,0.841,-6.021,0.287,0.135,0.297,0,85.656,1,239467,4
1,FALSE,0.628,0.45,0.666,-6.626,0.158,0.177,0.111,4,72.032,1,222480,4
1,FALSE,0.365,0.268,0.382,-7.344,0.382,0.0661,0.0295,6,148.363,1,273880,3
1,FALSE,0.716,0.786,0.811,-7.503,0.0328,0.0649,0.212,6,118.005,0,223987,4
1,FALSE,0.732,0.759,0.899,-4.237,0.00496,0.372,0.143,0,127.091,1,236093,4
1,FALSE,0.546,0.298,0.649,-4.056,0.143,0.0894,0.0324,6,99.05,1,253747,4
1,FALSE,0.474,0.399,0.797,-4.541,0.193,0.322,0.192,6,149.965,0,199107,4
1,FALSE,0.525,0.235,0.627,-6.59,0.431,0.0927,0.0335,7,111.026,1,239213,3
1,FALSE,0.352,0.0852,0.655,-10.571,6.63E-05,0.659,0.0736,0,148.045,1,71867,4
1,FALSE,0.562,0.268,0.967,-4.919,0.0496,0.953,0.271,9,99.13,0,323733,4
1,FALSE,0.591,0.245,0.79,-7.864,0.0488,0.417,0.0956,6,99.946,0,154027,4
1,FALSE,0.429,0.184,0.967,-5.08,0.000279,0.933,0.309,7,99.027,1,190987,4
1,FALSE,0.556,0.184,0.945,-5.756,0.141,0.347,0.52,3,96.618,1,149627,4
1,FALSE,0.524,0.208,0.691,-7.99,0.0196,0.939,0.0332,1,94.982,1,231933,4
1,FALSE,0.275,0.0784,0.449,-10.563,0.613,0.857,0.0335,0,104.838,1,255440,3
1,FALSE,0.297,0.15,0.596,-7.308,0.537,0.971,0.21,5,169.502,1,192480,4
1,FALSE,0.306,0.157,0.945,-5.32,0.0131,0.892,0.424,6,100.105,1,316773,4
1,FALSE,0.601,0.337,0.939,-7.323,0.00252,0.289,0.309,11,146.248,0,179893,4
1,FALSE,0.509,0.353,0.739,-6.124,0.0577,0.904,0.287,1,135.995,1,123600,4
2,FALSE,0.476,0.603,0.844,-7.971,0.367,0.867,0.659,1,83.132,1,114907,4
1,FALSE,0.426,0.534,0.903,-6.175,0.0547,0.924,0.236,6,129.117,1,217467,4
1,FALSE,0.473,0.217,0.84,-8.271,0.0307,0.475,0.313,1,91.13,1,129613,4
1,FALSE,0.395,0.314,0.592,-10.841,0.00778,0.816,0.0443,10,144.848,1,108627,4
1,FALSE,0.304,0.266,0.921,-8.559,0.0346,0.983,0.79,11,88.515,0,304107,4
1,FALSE,0.399,0.267,0.741,-8.987,0.235,0.413,0.484,2,83.213,1,128640,3
1,FALSE,0.542,0.438,0.878,-8.096,0.0064,0.859,0.297,1,103.293,1,50773,4
1,FALSE,0.565,0.334,0.807,-7.988,0.00102,0.971,0.293,7,84.937,1,135867,4
1,FALSE,0.503,0.448,0.871,-6.659,0.306,0.823,0.404,8,137.164,1,139893,4
1,FALSE,0.143,0.255,0.315,-12.587,0.306,0.916,0.0368,2,75.195,0,179960,3
1,FALSE,0.358,0.171,0.641,-8.823,0.193,0.763,0.0752,9,124.061,1,202160,4
1,FALSE,0.628,0.198,0.894,-5.448,0.018,0.922,0.137,11,97.083,0,262920,4
1,FALSE,0.261,0.217,0.913,-5.795,0.0352,0.863,0.433,1,143.024,1,391893,4
1,FALSE,0.326,0.22,0.975,-5.784,0.000703,0.815,0.233,10,155.075,0,118653,4
2,FALSE,0.712,0.885,0.828,-7.108,0.00323,0.0264,0.0418,1,125.999,1,387080,4
2,FALSE,0.796,0.783,0.92,-5.638,0.00241,0.0243,0.0873,6,128.005,0,413827,4
2,FALSE,0.846,0.622,0.629,-7.355,0.00327,0.0655,0.0658,8,131.997,0,305947,4
2,FALSE,0.802,0.851,0.702,-6.601,0.0147,0.0162,0.0616,11,128.008,0,533293,4
1,FALSE,0.372,0.0813,0.751,-6.694,0.0846,0.122,0.257,0,168.247,1,285640,4
2,FALSE,0.846,0.613,0.683,-6.148,0.0452,0.0583,0.0654,10,122.988,0,387320,4
2,FALSE,0.772,0.774,0.863,-6.35,0.00202,0.331,0.0423,11,126.995,1,401960,4
2,FALSE,0.574,0.341,0.421,-5.443,0.0989,0.0568,0.174,1,78.781,1,283933,4
1,FALSE,0.632,0.427,0.518,-6.126,0.107,0.354,0.0313,6,90.007,1,249147,4
1,FALSE,0.508,0.472,0.72,-5.908,0.272,0.0563,0.0628,11,79.983,0,261640,4
1,FALSE,0.492,0.206,0.348,-10.676,0.128,0.326,0.0301,5,78.412,1,267453,4
1,FALSE,0.336,0.159,0.424,-7.203,0.503,0.273,0.0353,5,82.149,1,277627,4
1,FALSE,0.35,0.201,0.403,-9.57,0.786,0.12,0.0279,0,104.957,1,221653,3
1,FALSE,0.572,0.103,0.429,-8.974,0.192,0.263,0.0271,1,95.068,1,271613,4
1,FALSE,0.384,0.282,0.153,-14.55,0.729,0.116,0.0324,7,109.859,1,186827,4
1,FALSE,0.549,0.102,0.628,-7.45,0.00908,0.128,0.0309,2,115.036,1,221467,4
1,FALSE,0.426,0.272,0.584,-5.293,0.0383,0.188,0.296,1,193.437,1,193213,4
1,FALSE,0.605,0.553,0.763,-5.949,0.129,0.0839,0.0775,1,135.771,1,218787,4
1,FALSE,0.875,0.861,0.551,-6.744,0.0488,0.0537,0.317,6,146.092,0,200613,4
1,FALSE,0.694,0.788,0.825,-5.986,0.0895,0.0618,0.111,1,121.949,1,208067,4
1,FALSE,0.479,0.608,0.763,-8.954,0.00242,0.383,0.178,8,84.769,1,215440,4
1,FALSE,0.33,0.416,0.769,-5.755,0.206,0.143,0.17,6,97.515,1,256533,3
1,FALSE,0.623,0.489,0.389,-7.816,0.155,0.163,0.241,1,79.454,1,236360,4
1,FALSE,0.534,0.205,0.575,-6.706,0.0546,0.131,0.0519,1,86.961,1,222920,4
2,FALSE,0.764,0.418,0.751,-3.74,0.00554,0.164,0.0703,8,91.977,1,199853,4
1,FALSE,0.447,0.509,0.694,-4.637,0.0293,0.167,0.382,7,175.868,0,227853,4
1,FALSE,0.796,0.726,0.572,-7.019,0.0682,0.135,0.0634,10,107.045,0,210240,4
1,FALSE,0.814,0.537,0.384,-7.953,0.0516,0.0968,0.292,1,157.992,1,235680,4
2,FALSE,0.807,0.78,0.784,-4.866,0.0118,0.315,0.236,7,124.821,1,198280,4
2,FALSE,0.593,0.483,0.68,-5.556,0.00182,0.31,0.335,7,84.547,1,273053,4
1,FALSE,0.664,0.625,0.701,-7.718,0.234,0.0646,0.0967,1,151.947,1,248853,4
1,FALSE,0.485,0.196,0.827,-3.707,0.144,0.116,0.177,11,92.161,0,222013,4
1,FALSE,0.925,0.667,0.728,-6.82,0.00408,0.207,0.254,1,96.54,1,379120,4
1,FALSE,0.47,0.298,0.476,-8.825,0.248,0.106,0.0371,8,94.922,1,198280,4
1,FALSE,0.681,0.459,0.715,-5.148,0.0039,0.0569,0.0638,1,98.96,1,201200,4
1,FALSE,0.691,0.573,0.931,-4.037,0.212,0.34,0.265,9,93.852,0,205973,4
3,FALSE,0.644,0.355,0.746,-4.941,0.0071,0.0743,0.341,7,105.253,1,240280,4
1,FALSE,0.458,0.48,0.751,-8.395,0.0299,0.258,0.469,2,169.673,1,203347,4
1,FALSE,0.29,0.48,0.574,-5.387,0.6,0.149,0.112,6,197.431,1,282360,3
1,FALSE,0.432,0.187,0.637,-3.905,0.416,0.113,0.0475,11,122.394,1,219547,4
2,FALSE,0.491,0.596,0.745,-5.631,0.473,0.239,0.254,4,167.875,0,228413,4
1,FALSE,0.548,0.141,0.638,-3.115,0.588,0.101,0.0435,11,122.868,1,221200,4
1,FALSE,0.627,0.615,0.705,-3.539,0.0941,0.178,0.231,10,175.861,1,227667,4
1,FALSE,0.646,0.513,0.806,-4.495,0.0997,0.258,0.135,7,91.962,1,200813,4
2,FALSE,0.763,0.487,0.761,-3.794,0.0063,0.287,0.0544,7,91.977,1,180520,4
1,FALSE,0.694,0.57,0.726,-5.13,0.0034,0.0801,0.042,7,92.015,1,199427,4
2,FALSE,0.511,0.845,0.808,-4.09,0.15,0.232,0.139,10,176.042,1,230747,4
3,FALSE,0.763,0.362,0.728,-4.944,0.00677,0.0915,0.326,7,105.923,1,239960,4
1,FALSE,0.865,0.651,0.829,-6.981,0.0673,0.253,0.315,0,96.511,0,205813,4
1,FALSE,0.682,0.615,0.939,-4.054,0.226,0.346,0.284,9,93.81,0,204813,4
3,FALSE,0.474,0.509,0.683,-5.585,0.00161,0.309,0.397,7,169.51,1,272707,4
1,FALSE,0.456,0.428,0.742,-8.39,0.0534,0.0837,0.481,2,168.507,1,203200,4
1,FALSE,0.81,0.506,0.386,-7.846,0.0529,0.0969,0.311,1,157.919,1,235387,4
1,FALSE,0.683,0.378,0.703,-5.154,0.0043,0.0599,0.0585,1,98.953,1,200533,4
1,FALSE,0.796,0.729,0.568,-7.071,0.0833,0.256,0.0631,10,107.034,0,209107,4
1,FALSE,0.576,0.501,0.697,-4.192,0.0286,0.167,0.326,10,175.906,1,227667,4
1,FALSE,0.378,0.482,0.565,-5.388,0.648,0.13,0.0493,6,102.131,1,280693,3
2,FALSE,0.705,0.864,0.796,-6.845,0.0708,0.388,0.267,7,166.042,1,210453,4
3,FALSE,0.646,0.681,0.77,-6.596,0.00249,0.0715,0.226,2,99.165,0,236133,4
1,FALSE,0.588,0.659,0.461,-8.686,0.237,0.0913,0.161,6,200.053,0,208573,4
2,FALSE,0.655,0.791,0.488,-9.17,0.0825,0.221,0.22,1,91.025,1,244827,4
2,FALSE,0.736,0.971,0.651,-8.933,0.00265,0.0838,0.124,6,166.572,1,222600,3
1,FALSE,0.711,0.782,0.454,-6.485,0.125,0.071,0.0904,0,74.928,0,260200,4
1,FALSE,0.75,0.536,0.458,-9.092,0.226,0.137,0.0803,1,83.61,1,301133,4
1,FALSE,0.662,0.551,0.374,-11.19,0.114,0.249,0.34,9,112.694,1,259067,4
2,FALSE,0.447,0.411,0.395,-9.828,0.153,0.133,0.225,7,76.758,1,298200,3
1,FALSE,0.568,0.103,0.282,-10.225,0.158,0.182,0.0313,10,112.708,1,360493,3
2,FALSE,0.493,0.697,0.527,-9.752,0.167,0.288,0.33,10,103.451,1,219200,3
1,FALSE,0.609,0.459,0.407,-8.026,0.345,0.19,0.0808,6,99.982,1,293133,4
1,FALSE,0.65,0.542,0.0452,-20.854,0.485,0.121,0.7,0,152.48,1,16373,1
1,FALSE,0.388,0.32,0.265,-12.712,0.901,0.194,0.0499,11,137.24,0,163933,1
1,FALSE,0.469,0.448,0.446,-9.237,0.255,0.182,0.0753,1,123.46,0,298333,4
1,TRUE,0.725,0.353,0.709,-6.514,0.588,0.135,0.072,2,110.024,1,235636,4
1,FALSE,0.743,0.411,0.528,-12.633,0.386,0.126,0.0508,2,109.976,1,235636,4
1,TRUE,0.736,0.451,0.372,-7.636,0.804,0.135,0.263,7,109.843,1,228254,4
1,FALSE,0.525,0.382,0.453,-7.047,0.382,0.0859,0.0634,8,127.246,1,233521,4
1,TRUE,0.494,0.512,0.849,-6.438,0.0748,0.791,0.343,0,181.428,0,262941,5
2,FALSE,0.7,0.525,0.607,-6.303,0.469,0.328,0.043,2,116.036,0,274138,4
2,TRUE,0.784,0.204,0.7,-5.289,0.0112,0.163,0.0396,1,126.015,1,260962,4
1,TRUE,0.66,0.65,0.688,-6.34,0.434,0.489,0.0564,7,118.05,1,249407,4
1,TRUE,0.642,0.545,0.273,-8.079,0.733,0.182,0.169,7,124.154,1,225389,3
1,FALSE,0.911,0.517,0.512,-8.186,0.00335,0.0629,0.127,4,114.999,0,225389,4
2,FALSE,0.797,0.488,0.824,-4.009,0.0131,0.0873,0.18,8,114.952,0,238732,4
2,FALSE,0.773,0.853,0.879,-6.017,0.00171,0.0333,0.0929,8,123.009,0,330594,4
2,FALSE,0.805,0.355,0.882,-6.754,0.000974,0.0373,0.0486,1,125.003,1,387085,4
2,FALSE,0.711,0.68,0.976,-5.931,0.00113,0.158,0.0733,1,120.008,0,594807,4
2,FALSE,0.649,0.708,0.547,-6.936,0.0111,0.105,0.0493,10,161.007,1,219827,4
2,FALSE,0.65,0.848,0.814,-5.052,0.00385,0.082,0.0817,5,127.003,0,302427,4
2,FALSE,0.728,0.698,0.821,-3.545,0.00018,0.076,0.0449,1,128.02,1,362987,4
2,FALSE,0.806,0.358,0.774,-4.162,0.00192,0.238,0.0535,0,129.022,0,377093,4
1,FALSE,0.588,0.442,0.261,-13.225,0.1,0.13,0.0975,1,118.13,1,212893,4
2,FALSE,0.32,0.527,0.782,-7.37,0.00203,0.39,0.374,8,78.05,1,304693,4
1,FALSE,0.692,0.745,0.727,-4.562,0.0451,0.0568,0.0868,6,136.87,1,217280,4
1,FALSE,0.771,0.686,0.674,-5.136,0.171,0.096,0.266,7,125.01,1,244893,4
1,FALSE,0.605,0.545,0.383,-7.837,0.135,0.168,0.235,1,77.973,1,237733,4
2,FALSE,0.519,0.489,0.668,-3.969,0.0111,0.0438,0.101,1,191.197,1,502560,3
2,FALSE,0.747,0.672,0.365,-7.572,0.00182,0.0597,0.0739,10,127.998,0,379067,4
1,FALSE,0.693,0.755,0.819,-6.001,0.103,0.0637,0.101,1,121.968,1,209213,4
2,FALSE,0.54,0.217,0.717,-5.529,0.00303,0.176,0.0751,6,127.999,1,314253,4
2,FALSE,0.84,0.772,0.634,-7.64,0.0142,0.134,0.116,11,128.018,1,396200,4
1,FALSE,0.523,0.59,0.729,-5.739,0.268,0.129,0.0677,9,80.104,1,224400,4
2,FALSE,0.801,0.847,0.712,-6.46,0.0137,0.0209,0.0605,11,128.002,0,534187,4
2,FALSE,0.702,0.677,0.742,-5.728,0.00455,0.0903,0.034,6,130.005,0,537267,4
2,FALSE,0.671,0.707,0.846,-5.804,0.00754,0.846,0.144,11,132.013,0,433307,4
1,FALSE,0.644,0.598,0.612,-7.154,0.0255,0.0275,0.0393,11,135.027,0,482347,4
2,FALSE,0.796,0.657,0.845,-5.784,0.00972,0.0334,0.0819,1,126.016,0,499960,4
2,FALSE,0.765,0.607,0.733,-7.565,0.000698,0.0346,0.0655,1,126.961,0,354547,4
2,FALSE,0.707,0.782,0.847,-6.755,9.98E-05,0.353,0.0567,6,125.982,0,412800,4
2,FALSE,0.796,0.769,0.924,-5.414,0.0029,0.0229,0.0854,6,128.003,0,413987,4
2,FALSE,0.884,0.433,0.747,-7.562,0.00055,0.661,0.0594,11,124.982,0,407653,4
2,FALSE,0.707,0.765,0.821,-7.516,0.000691,0.0496,0.0421,11,124.989,0,499040,4
1,FALSE,0.675,0.514,0.516,-5.546,0.0785,0.361,0.0271,6,90.001,1,249427,4
1,FALSE,0.745,0.833,0.693,-5.616,0.00131,0.0564,0.0499,3,122.988,0,308307,4
2,FALSE,0.769,0.908,0.802,-6.922,0.000107,0.0516,0.046,6,125.992,1,435093,4
2,FALSE,0.799,0.946,0.79,-7.883,0.000215,0.0642,0.0525,11,125.998,1,435093,4
1,FALSE,0.677,0.814,0.969,-5.082,0.00212,0.183,0.0556,1,127.006,1,507987,4
1,FALSE,0.689,0.912,0.83,-4.947,0.0114,0.293,0.0515,3,122.957,0,185480,4
2,FALSE,0.75,0.966,0.839,-6.371,0.000185,0.364,0.0378,6,125.974,1,222147,4
1,FALSE,0.613,0.857,0.932,-5.432,0.000856,0.153,0.0412,1,127.007,1,211747,4
2,FALSE,0.711,0.902,0.82,-7.003,0.0037,0.0587,0.0417,1,126,1,390600,4
2,FALSE,0.706,0.83,0.85,-6.434,0.00457,0.0512,0.0406,1,125.998,1,388920,4
2,FALSE,0.782,0.727,0.693,-8.407,0.000161,0.876,0.0699,10,126.998,0,385720,4
2,FALSE,0.731,0.553,0.894,-8.06,0.00298,0.358,0.0502,6,127.99,0,508240,4
2,FALSE,0.706,0.774,0.845,-5.328,0.00265,0.341,0.034,1,126.011,1,194867,4
2,FALSE,0.703,0.729,0.817,-7.105,0.000885,0.336,0.0514,10,126.997,0,211893,4
2,FALSE,0.637,0.614,0.813,-7.392,0.0239,0.402,0.0367,6,127.993,0,247120,4
1,FALSE,0.242,0.559,0.438,-12.615,0.519,0.765,0.0694,2,171.357,0,173240,3
2,FALSE,0.39,0.627,0.758,-5.687,0.457,0.188,0.322,4,168.128,0,228413,4
1,FALSE,0.477,0.135,0.644,-3.119,0.572,0.0973,0.0458,11,123.021,1,221200,4
1,FALSE,0.632,0.588,0.707,-3.532,0.108,0.2,0.24,10,175.91,1,227667,4
1,FALSE,0.646,0.551,0.806,-4.491,0.088,0.251,0.134,7,92.028,1,200813,4
2,FALSE,0.747,0.478,0.76,-3.797,0.0071,0.264,0.0605,1,91.98,1,180520,4
1,FALSE,0.68,0.541,0.739,-5.133,0.00344,0.0835,0.0496,8,92.11,1,199427,4
2,FALSE,0.525,0.873,0.807,-4.124,0.16,0.213,0.111,10,175.869,1,230560,4
2,FALSE,0.837,0.59,0.737,-5.928,0.0461,0.32,0.302,10,96.534,0,374587,4
2,FALSE,0.65,0.726,0.949,-3.8,0.00658,0.343,0.0568,1,126.029,1,199547,4
2,FALSE,0.632,0.902,0.863,-4.77,0.000227,0.612,0.0375,7,125.997,1,451907,4
2,FALSE,0.687,0.855,0.963,-4.327,0.00953,0.328,0.0712,0,126.045,0,195427,4
2,FALSE,0.668,0.944,0.962,-2.706,0.0739,0.47,0.0697,7,129.996,1,206707,4
2,FALSE,0.763,0.38,0.756,-3.926,0.00595,0.173,0.0685,8,92.004,1,201520,4
1,FALSE,0.662,0.565,0.8,-4.663,0.113,0.301,0.146,7,92.104,1,202213,4
1,FALSE,0.628,0.56,0.708,-5.592,0.00354,0.0743,0.041,8,92.793,1,201227,4
1,FALSE,0.852,0.476,0.524,-6.788,0.000585,0.093,0.0432,0,91.997,0,199187,4
2,FALSE,0.73,0.569,0.968,-2.925,0.127,0.505,0.0673,5,133.001,0,248314,4
2,FALSE,0.743,0.682,0.991,-4.715,0.0394,0.0689,0.0524,5,132.999,0,530948,4
2,FALSE,0.762,0.168,0.993,-5.241,0.0149,0.0381,0.0437,10,133.003,1,566938,4
2,FALSE,0.83,0.721,0.938,-3.301,0.0263,0.404,0.0575,1,122.987,1,243484,4
2,FALSE,0.832,0.769,0.918,-3.515,0.00427,0.0898,0.0699,1,122.998,1,425854,4
1,FALSE,0.486,0.561,0.719,-3.987,0.0316,0.466,0.39,10,175.736,1,284816,4
2,FALSE,0.716,0.132,0.55,-3.417,0.0039,0.202,0.156,5,175.969,0,260203,4
1,FALSE,0.56,0.525,0.713,-4.187,0.0237,0.0947,0.347,10,175.776,1,230573,4
1,FALSE,0.674,0.389,0.614,-5.845,6.92E-05,0.0841,0.0545,10,175.985,1,229173,4
2,FALSE,0.582,0.613,0.934,-5.192,0.0771,0.856,0.474,4,178.118,0,252347,4
2,FALSE,0.604,0.51,0.593,-5.402,0.0323,0.266,0.353,4,85.338,0,227120,4
2,FALSE,0.641,0.344,0.855,-6.306,0.00522,0.864,0.381,9,85.435,1,212173,4
2,FALSE,0.675,0.95,0.897,-4.136,0.00927,0.0487,0.0528,7,130.002,1,513800,4
2,FALSE,0.708,0.23,0.932,-5.736,0.000381,0.207,0.266,2,137.967,1,199467,4
1,FALSE,0.633,0.405,0.649,-6.134,0.0957,0.127,0.31,2,216.788,1,199840,4
1,FALSE,0.54,0.461,0.745,-8.352,0.0411,0.1,0.481,2,113.571,1,206013,5
1,FALSE,0.504,0.358,0.71,-9.607,0.00521,0.124,0.23,2,170.651,1,205107,4
2,FALSE,0.706,0.218,0.932,-5.748,0.000404,0.18,0.248,2,137.985,1,199613,4
1,FALSE,0.83,0.403,0.641,-6.114,0.0938,0.114,0.201,2,108.363,1,199733,4
2,FALSE,0.572,0.579,0.936,-5.03,0.0633,0.846,0.46,4,178.233,0,252280,4
2,FALSE,0.596,0.501,0.6,-5.391,0.0402,0.304,0.357,4,84.305,0,226960,4
2,FALSE,0.623,0.365,0.856,-6.121,0.00409,0.867,0.312,1,85.471,0,212200,4
2,FALSE,0.592,0.605,0.908,-5.271,0.000463,0.0746,0.0308,8,125.984,1,207360,4
3,FALSE,0.763,0.362,0.728,-4.944,0.00677,0.0915,0.326,7,105.923,1,239960,4
2,FALSE,0.708,0.886,0.978,-2.992,0.0264,0.274,0.0541,7,126.03,0,195293,4
2,FALSE,0.758,0.869,0.751,-4.985,0.0635,0.0922,0.145,2,89.943,1,208293,4
2,FALSE,0.69,0.63,0.609,-7.677,0.000572,0.0384,0.126,11,179.936,0,208027,4
2,FALSE,0.707,0.922,0.881,-4.066,0.0782,0.388,0.249,7,166.02,1,210707,4
2,FALSE,0.689,0.645,0.977,-4.825,0.0609,0.0644,0.0653,11,130.011,0,511387,4
2,FALSE,0.801,0.967,0.849,-6.403,0.00449,0.0373,0.0416,11,130.004,0,359413,4
2,FALSE,0.793,0.576,0.847,-6.476,0.000559,0.0561,0.0373,2,129.994,1,408173,4
2,FALSE,0.718,0.503,0.733,-5.401,0.0141,0.308,0.297,2,166.06,1,234333,4
3,FALSE,0.743,0.348,0.745,-4.948,0.00837,0.0851,0.332,7,105.873,1,239960,4
2,FALSE,0.69,0.896,0.961,-4.344,0.00872,0.297,0.0701,0,126.045,0,195307,4
2,FALSE,0.719,0.873,0.931,-5.394,0.00148,0.371,0.0466,7,126.004,0,485147,4
2,FALSE,0.845,0.884,0.708,-7.124,0.00188,0.0268,0.0626,8,126.001,1,360773,4
2,FALSE,0.831,0.42,0.88,-5.6,0.0146,0.0614,0.0671,8,131.014,1,357693,4
2,FALSE,0.529,0.795,0.541,-7.758,0.261,0.0839,0.3,6,199.501,0,247107,4
1,FALSE,0.591,0.648,0.462,-8.693,0.224,0.0857,0.166,6,200.042,0,208467,4
2,FALSE,0.567,0.532,0.557,-6.805,0.327,0.177,0.116,7,88.957,1,261000,4
1,FALSE,0.195,0.255,0.326,-11.412,0.834,0.408,0.0419,2,78.444,1,154667,4
1,FALSE,0.761,0.512,0.476,-8.852,0.279,0.126,0.102,1,83.597,1,238107,4
2,FALSE,0.719,0.547,0.936,-5.258,0.00709,0.101,0.0486,7,130.033,0,219160,4
2,FALSE,0.656,0.7,0.767,-6.607,0.00248,0.0688,0.21,2,99.201,0,236120,4
1,FALSE,0.674,0.96,0.838,-4.066,0.417,0.189,0.2,5,173.946,1,221773,4
2,FALSE,0.725,0.295,0.783,-6.275,0.00439,0.143,0.0537,11,129.976,0,597520,4
2,FALSE,0.552,0.74,0.728,-6.6,0.184,0.0868,0.331,2,86.902,1,287200,4
2,FALSE,0.832,0.646,0.651,-6.926,0.0011,0.352,0.049,5,126.013,0,430613,4